{"cameraMode":{"drawMode":0,"name":"Shaded","section":"Shading Mode"},"sceneLighting":false,"audioPlay":false,"sceneViewState":{"showFog":true,"showMaterialUpdate":false,"showSkybox":false,"showFlares":true,"showImageEffects":true,"showParticleSystems":true},"in2DMode":false,"pivot":{"x":-0.7241239547729492,"y":1.6687369346618653,"z":-6.379033088684082},"rotation":{"x":0.029241586104035379,"y":0.2625735402107239,"z":-0.007956892251968384,"w":0.9644485712051392},"size":0.7527064681053162,"orthographic":false}